Timestamp,What do you have for breakfast most weekdays?,(Optional) Anything else you'd like to add?
12/2/2024 12:37:35,ğŸ³ I prepare/cook something (includes night before),"Changes every few weeks---right now it's eggs & rice & kimchi! Cooking is often the most relaxing part of my day, so it's nice to spend time in the morning making something that tastes & feels good."
12/2/2024 12:47:14,ğŸ³ I prepare/cook something (includes night before),"I do a lot of freezer meals for breakfast - breakfast burritos, quiches, muffins. "
12/2/2024 12:50:24,"ğŸŒ Something quick / minimal prep (granola bar, microwave a thing)",
12/2/2024 12:51:56,"ğŸŒ Something quick / minimal prep (granola bar, microwave a thing)",oatmeal is my friend!
12/2/2024 12:59:49,â˜•ï¸ Nothing / just coffee,"If Iâ€™m being honest- most days are coffee. But I *intend* to eat breakfast every morning. When I do itâ€™s minimal. Maybe I actually should prep breakfast so that itâ€™s easier, psychologically, to get myself to eat it ğŸ«¢"
12/2/2024 13:22:05,"ğŸŒ Something quick / minimal prep (granola bar, microwave a thing)",
12/2/2024 13:31:07,"ğŸŒ Something quick / minimal prep (granola bar, microwave a thing)","If not for health reasons, I would be making some form of bacon egg and cheese breakfast sandwich every day."
12/2/2024 13:35:11,ğŸ³ I prepare/cook something (includes night before),"I cook two eggs and toast a slice of bread, and have pretty much done this continuously since early high school. I generally find cooking pretty intimidating, but I've done this so often that it feels very straightforward and doesn't take that long, and I consistently enjoy eating it which is cool."
12/2/2024 13:37:57,ğŸ³ I prepare/cook something (includes night before),
12/2/2024 13:38:02,"ğŸŒ Something quick / minimal prep (granola bar, microwave a thing)",Meal prep FTW!
12/2/2024 13:39:27,ğŸ³ I prepare/cook something (includes night before),
12/2/2024 13:55:31,ğŸ³ I prepare/cook something (includes night before),"It's not the most important meal but making oatmeal or toast or fancy yogurt really makes the day feel more handle-able! I usually make a fancy hot cereal with honey, yogurt with granola and fruit, or a fancy nut butter toast situation. Sometimes when we have time it's an omelette or pancakes or hash browns situation."
12/2/2024 14:05:28,"ğŸŒ Something quick / minimal prep (granola bar, microwave a thing)","Strong feelings that I need to eat something, but it can't be too much. "
12/2/2024 14:13:10,"ğŸŒ Something quick / minimal prep (granola bar, microwave a thing)","I've definitely been through periods in my life where I cooked myself a full breakfast every morning, usually when under/unemployed or working primarily evenings. Tamago kake gohan has been a favorite of mine for a ""cooked"" breakfast which is fast, hot, and delicious"
12/2/2024 14:17:35,ğŸ³ I prepare/cook something (includes night before),"Breakfast impt! When on top of my shit I prepare a batch of smoothie or grits every few days, when not am reduced to cook"
12/2/2024 17:33:37,ğŸ³ I prepare/cook something (includes night before),
12/2/2024 17:55:43,ğŸ³ I prepare/cook something (includes night before),"I canâ€™t get by without it. We make a smoothie right now, so thatâ€™s more than microwaving something but not really cooking. We used to alternate between oatmeal in the winter and smoothie in the summer but for the past year and a half itâ€™s been smoothie szn "
12/2/2024 18:00:42,ğŸ³ I prepare/cook something (includes night before),"Fried potato cubes, potato, smoothie, coffee w/cream"
12/2/2024 19:29:24,â˜•ï¸ Nothing / just coffee,"If I was prepared/motivated, I'd have avocado slices on a just egg patty with cholula hot sauce and slice of sourdough toast. But I usually never eat :) "
12/2/2024 19:35:13,"ğŸŒ Something quick / minimal prep (granola bar, microwave a thing)",High protein fortified cereal with Physivantage plant-based protein and collagen alternative in creamy oat milk. There is always coffee; 250ml from pour over. This is the same every day.
12/3/2024 8:41:58,ğŸ³ I prepare/cook something (includes night before),"Oh man, so many variables! Clarifying statements and questions on the above:
1. I will cook a breakfast just for my partner as often, (if not more so), as cooking for the both of us. I like cooking breakfast, but don't always feel like eating until 10 or 11a.
2. My partner will also often bake things on the weekend to serve as breakfast supplements during the week days; Apple cake, muffins, home-made granola, etc. Not sure if this counts
3.Do smoothies count as cooking? They definitely take a respectable amount of work and make some dishes.
4. How about breakfasts with one quick component and one cooked element? For example, half a grapefruit as-is, plus a vegetarian sausage patty that is cooked?"
12/3/2024 9:58:36,ğŸ³ I prepare/cook something (includes night before),"Chia seed pudding with strawberries and I have eaten this for about 2-3 years now and I honestly hate it. I struggle to make anything morning of, especially if I have to go into the office. Breakfast is probably one of my most bought out meals. Definitely an important meal to have, I just need something to kick start my brain. "
12/3/2024 10:31:28,ğŸ³ I prepare/cook something (includes night before),
12/3/2024 12:04:04,ğŸ³ I prepare/cook something (includes night before),"Starting your day with protein is really good for people with depression to help you get the long stable energy for the day. I do a breakfast sandwich with 2 eggs, 2 sausage patties, sharp cheddar, on a grainy bread."
12/3/2024 12:04:07,"ğŸŒ Something quick / minimal prep (granola bar, microwave a thing)",Usually some oatmeal and a protein shake. Cup of coffee as soon as I get into work
12/3/2024 12:04:09,â˜•ï¸ Nothing / just coffee,Intermittent fasting bby
12/3/2024 12:04:21,ğŸ³ I prepare/cook something (includes night before),"2 hard boiled eggs, toast, 1 avocado, 1 strip of bacon, 2 cups of coffee.  That keeps me fueled until dinner."
12/3/2024 12:04:22,â˜•ï¸ Nothing / just coffee,
12/3/2024 12:06:07,ğŸ’° I buy breakfast,
12/3/2024 12:06:30,"ğŸŒ Something quick / minimal prep (granola bar, microwave a thing)",yogurt and granola
12/3/2024 12:06:53,â˜•ï¸ Nothing / just coffee,"I often don't ""break fast' until after 1pm on lunch time because of some health issues that are worse in the morning. I also don't drink coffee. My morning beverages tend to be something sweet--tea, a doctor pepper, sprite."
12/3/2024 12:08:24,"ğŸŒ Something quick / minimal prep (granola bar, microwave a thing)",
12/3/2024 12:09:02,"ğŸŒ Something quick / minimal prep (granola bar, microwave a thing)",
12/3/2024 12:09:40,ğŸ³ I prepare/cook something (includes night before),I'm very proud of the cracked wheat/cracked oats cereal I mil at home.
12/3/2024 12:09:58,"ğŸŒ Something quick / minimal prep (granola bar, microwave a thing)",
12/3/2024 12:11:32,"ğŸŒ Something quick / minimal prep (granola bar, microwave a thing)",
12/3/2024 12:11:49,â˜•ï¸ Nothing / just coffee,I love breakfast its just I work early so I donâ€™t really have the time to make/get something. On my off days I spend time making a full breakfast 
12/3/2024 12:12:08,â˜•ï¸ Nothing / just coffee,
12/3/2024 12:12:46,"ğŸŒ Something quick / minimal prep (granola bar, microwave a thing)","Quick/easy(cereal or granola bar)on work days, cook(pancakes, omelette)on days off. Once a week, scone and latte from gimme. "
12/3/2024 12:13:02,"ğŸŒ Something quick / minimal prep (granola bar, microwave a thing)",
12/3/2024 12:14:52,â˜•ï¸ Nothing / just coffee,
12/3/2024 12:18:38,â˜•ï¸ Nothing / just coffee,
12/3/2024 12:18:43,â˜•ï¸ Nothing / just coffee,Used to eat cereal every day 
12/3/2024 12:22:27,ğŸ’° I buy breakfast,
12/3/2024 12:22:29,"ğŸŒ Something quick / minimal prep (granola bar, microwave a thing)","Microwave oatmeal in the winter, cereal in the summer"
12/3/2024 12:22:48,â˜•ï¸ Nothing / just coffee,
12/3/2024 12:22:59,â˜•ï¸ Nothing / just coffee,Canâ€™t bring myself to eat anything before at least noon lol I just donâ€™t get hungry. Always been that way.
12/3/2024 12:24:12,ğŸ’° I buy breakfast,"While I was in school I prepared/cooked something, or at least had something minimal prep every day for breakfast. Now that I've started my new job I haven't had time to do that, so I buy but I can see it adding up and want to find a meal-prep plan to help make it less expensive."
12/3/2024 12:25:03,ğŸ³ I prepare/cook something (includes night before),
12/3/2024 12:25:28,â˜•ï¸ Nothing / just coffee,
12/3/2024 12:25:56,"ğŸŒ Something quick / minimal prep (granola bar, microwave a thing)",
12/3/2024 12:26:10,ğŸ³ I prepare/cook something (includes night before),
12/3/2024 12:26:30,"ğŸŒ Something quick / minimal prep (granola bar, microwave a thing)",
12/3/2024 12:27:03,"ğŸŒ Something quick / minimal prep (granola bar, microwave a thing)",Buy breakfast every day? In this economy???
12/3/2024 12:27:41,"ğŸŒ Something quick / minimal prep (granola bar, microwave a thing)","Oatmeal with a slice cheese melted on top, soy milk"
12/3/2024 12:28:56,â˜•ï¸ Nothing / just coffee,"Breakfast was always my fave meal of the day but since starting a weight loss journey I just drink tea w milk every morning and that's it. Ideally, I'd LOVE to buy breakfast every day but there are not much for vegan options (especially healthier or grab & go things) in Ithaca. I don't want Angelhearts deep-fried junk food first thing in the morning ğŸ¥²"
12/3/2024 12:30:58,ğŸ³ I prepare/cook something (includes night before),
12/3/2024 12:31:00,â˜•ï¸ Nothing / just coffee,
12/3/2024 12:31:38,"ğŸŒ Something quick / minimal prep (granola bar, microwave a thing)",Oatmeal with fruit 
12/3/2024 12:32:02,ğŸ³ I prepare/cook something (includes night before),
12/3/2024 12:32:19,ğŸ³ I prepare/cook something (includes night before),I am anti-sugary breakfast. I really feel like I need something substantial with more protein to get me going in the morning.  
12/3/2024 12:33:11,"ğŸŒ Something quick / minimal prep (granola bar, microwave a thing)",
12/3/2024 12:34:46,ğŸ³ I prepare/cook something (includes night before),Overnight oats!
12/3/2024 12:35:19,"ğŸŒ Something quick / minimal prep (granola bar, microwave a thing)",quick oats!
12/3/2024 12:37:04,ğŸ³ I prepare/cook something (includes night before),"Every morning: one egg, fried; two pieces of toast, and pot of tea. If it's an athletic day (big bike ride, hike) then it's two eggs. Pancakes sometimes. Homemade granola subbing for toast if I'm out of bread. Never skip breakfast, EVER - a path to misery for me. I'd rather skip lunch than breakfast. "
12/3/2024 12:37:19,ğŸ³ I prepare/cook something (includes night before),
12/3/2024 12:40:00,ğŸ³ I prepare/cook something (includes night before),BEC
12/3/2024 12:41:03,â˜•ï¸ Nothing / just coffee,love breakfast foods but rarely eat in mornings but ALWAYS cook myself dinner
12/3/2024 12:41:30,â˜•ï¸ Nothing / just coffee,Breakfast is not a consistent meal everyday for me. Sometimes it's a turkey sandwich or dinner leftovers. Sometimes it's just toast.
12/3/2024 12:41:32,ğŸ³ I prepare/cook something (includes night before),"Start your day with as basic a whole grain as possible (brown rice, oatmeal, etc.) and you won't regret it when your guts are old!"
12/3/2024 12:43:50,ğŸ’° I buy breakfast,
12/3/2024 12:43:58,â˜•ï¸ Nothing / just coffee,
12/3/2024 12:44:13,"ğŸŒ Something quick / minimal prep (granola bar, microwave a thing)","I drink smoothies,  ensure, chobani, chatty cathy! (Best smoothies in ithaca is chatty Cathy) "
12/3/2024 12:45:13,"ğŸŒ Something quick / minimal prep (granola bar, microwave a thing)",Hard boiled eggs in a little $30 egg maker is a game changer
12/3/2024 12:46:26,"ğŸŒ Something quick / minimal prep (granola bar, microwave a thing)",
12/3/2024 12:48:42,ğŸ³ I prepare/cook something (includes night before),"Generally I will microwave eggs with something (pico, salsa, chopped veg if time) mixed in. Lately it travels to work with me. Sometimes I microwave oatmeal. Sometimes it's leftovers from last night's dinner. "
12/3/2024 12:50:07,"ğŸŒ Something quick / minimal prep (granola bar, microwave a thing)","Granola bar- will almost never have breakfast on the weekends, more sleep is always worth it"
12/3/2024 12:50:29,"ğŸŒ Something quick / minimal prep (granola bar, microwave a thing)",
12/3/2024 12:50:39,ğŸ³ I prepare/cook something (includes night before),"Always savory, usually eggs. The best breakfast is when I have leftover roasted veggies from the dinner before, and a fried egg or two goes on top. Sometimes I plan my dinner just to have leftovers for breakfast. "
12/3/2024 12:51:30,"ğŸŒ Something quick / minimal prep (granola bar, microwave a thing)",
12/3/2024 12:52:30,â˜•ï¸ Nothing / just coffee,
12/3/2024 12:53:57,â˜•ï¸ Nothing / just coffee,
12/3/2024 12:54:03,"ğŸŒ Something quick / minimal prep (granola bar, microwave a thing)",Cold cereal or microwave oatmeal 
12/3/2024 12:54:04,"ğŸŒ Something quick / minimal prep (granola bar, microwave a thing)",
12/3/2024 12:54:19,"ğŸŒ Something quick / minimal prep (granola bar, microwave a thing)",Lightly buttered toasted english muffin with peanut butter
12/3/2024 12:55:45,ğŸ³ I prepare/cook something (includes night before),"avocado toast, breakfast sandwich, oatmeal (winter), hummus toast, yogurt, or smoothie"
12/3/2024 13:01:00,ğŸ³ I prepare/cook something (includes night before),"- egg tacos 
- overnight chia pudding with cinnamon 
- oatmeal

Breakfast is important, however I sometimes struggle to prioritize it. "
12/3/2024 13:04:57,â˜•ï¸ Nothing / just coffee,
12/3/2024 13:05:42,ğŸ³ I prepare/cook something (includes night before),
12/3/2024 13:05:52,ğŸ³ I prepare/cook something (includes night before),"I get the ick from eggs a LOT. So I go through breakfast phases. When I like eggs itâ€™s usually scrambled or over easy eggs with white rice (or toast) and turkey sausage, when I have the ick from eggs itâ€™s usually a smoothie, overnight oats, or my homemade granola bars. Been really trying to limit my processed foods except for the turkey sausage bc that shit is tasty. Thatâ€™s all! "
12/3/2024 13:08:03,ğŸ³ I prepare/cook something (includes night before),
12/3/2024 13:08:13,ğŸ³ I prepare/cook something (includes night before),"Usually 2or3 over easy eggs, ww toast, some sort of greasy meat. Of course always have to have coffee"
12/3/2024 13:08:23,ğŸ³ I prepare/cook something (includes night before),"fried egg, melted cheese on top w/ veggie sausage patty on a slice of toast"
12/3/2024 13:09:21,ğŸ³ I prepare/cook something (includes night before),"Same breakfast during weekdays, a bit more creative on weekends "
12/3/2024 13:10:14,â˜•ï¸ Nothing / just coffee,
12/3/2024 13:13:30,ğŸ³ I prepare/cook something (includes night before),
12/3/2024 13:13:52,ğŸ³ I prepare/cook something (includes night before),I have a protein shake when I first wake up and then cook a breakfast sandwich about an hour after I finish my shake. I cannot start my day if I have not had both my shake and sandwich.
12/3/2024 13:14:33,ğŸ³ I prepare/cook something (includes night before),"always have breakfast (especially if Iâ€™m having coffee) because otherwise Iâ€™m sluggish and it screws up your gut to drink coffee on an empty stomach! I have eggs most days, with fruit/bread/etc. if Iâ€™m in a rush I have Greek yogurt"
12/3/2024 13:14:41,ğŸ³ I prepare/cook something (includes night before),
12/3/2024 13:15:17,ğŸ³ I prepare/cook something (includes night before),"Since having my baby, my go-to breakfast is coffee and an egg sandwich - I cook the egg on the Dash waffle maker and put it on a mini everything bagel with mayo and hot sauce. Before that, I commuted to work and ate a yogurt cup at my desk. Sometimes I'll have savory oatmeal with an egg, cheese, green onions, olive oil, and salt. "
12/3/2024 13:15:44,"ğŸŒ Something quick / minimal prep (granola bar, microwave a thing)",
12/3/2024 13:16:31,"ğŸŒ Something quick / minimal prep (granola bar, microwave a thing)",
12/3/2024 13:19:38,"ğŸŒ Something quick / minimal prep (granola bar, microwave a thing)",go to is either PBJ or granola bar w yogurt ^_^
12/3/2024 13:20:09,ğŸ³ I prepare/cook something (includes night before),"i'm counting a smoothie of banana, greens, almond butter, flax and misc other fruits as ""preparing something"". and i quit coffee cold-turkey a few weeks ago!! for various collapse-related reasons (yes hi it's me)"
12/3/2024 13:20:39,â˜•ï¸ Nothing / just coffee,I would eat breakfast more if it were socially acceptable to eat lunch/dinner foods in the morning
12/3/2024 13:21:07,"ğŸŒ Something quick / minimal prep (granola bar, microwave a thing)",
12/3/2024 13:22:07,"ğŸŒ Something quick / minimal prep (granola bar, microwave a thing)",
12/3/2024 13:25:38,ğŸ³ I prepare/cook something (includes night before),"Best version of myself drinks an espresso w an unflavored seltzer. Two eggs over easy and a protein shake. Maybe a handful of blueberries. I usually end up with just the espresso and eggs, but I very rarely skip. "
12/3/2024 13:26:18,ğŸ³ I prepare/cook something (includes night before),"My breakfast used to be a cigarette and a coffee but I gave up tobacco 4.5 years ago (thanks, Covid!). Now I find I'm sluggish and unfocused until I eat lunch if I skip my usual two fried eggs topped with feta and piece of fruit and only have the coffee. I couldn't tell you what it's like without even the coffee, not sure I'd make it out the house."
12/3/2024 13:31:12,â˜•ï¸ Nothing / just coffee,"I love breakfast, and when I was working full time, I did eat it, but since quitting my job and starting vet school, everything has been chaotic and I haven't been eating breakfast much. Sometimes a snack. I need to get into the breakfast meal prep so I'm not so hungry during classes/labs"
12/3/2024 13:34:23,ğŸ³ I prepare/cook something (includes night before),"French press coffee and salt rising bread, toasted with butter. Is that cooking? Idk. Feels like it to me"
12/3/2024 13:35:19,â˜•ï¸ Nothing / just coffee,
12/3/2024 13:36:53,ğŸ³ I prepare/cook something (includes night before),"Every morning I eat a bowl of oatmeal with peanut butter, ground flax, almonds, and banana"
12/3/2024 13:38:04,ğŸ³ I prepare/cook something (includes night before),I cook eggs and toast most mornings!
12/3/2024 13:38:12,â˜•ï¸ Nothing / just coffee,I feel like I donâ€™t have time to have breakfast in the mornings 
12/3/2024 13:42:33,â˜•ï¸ Nothing / just coffee,
12/3/2024 13:46:00,"ğŸŒ Something quick / minimal prep (granola bar, microwave a thing)",
12/3/2024 13:47:05,â˜•ï¸ Nothing / just coffee,"Breakfasts for me are reserved for waking up late days, like a big waffle spread on a random weekend. Breakfast food is the best kind of food, anytime of the day! I like it for dinner. Idk about it being the most important meal, cause I'm a bad case study there lol :) "
12/3/2024 13:48:34,ğŸ³ I prepare/cook something (includes night before),Twice a week I treat myself to breakfast out normally Ithaca coffee (rooster sandwich ftw) or Adamâ€™s corner cafe. I used to buy breakfast more until I started par baking potatoes and now Iâ€™m able to have homemade home fries + eggs and tea within 10-15min
12/3/2024 13:50:25,ğŸ³ I prepare/cook something (includes night before),Yogurt w/fruit and nuts OR smoothie for warm weather. Oatmeal or toast for cold weather. Eggs/pancakes for weekends (this is not seasonal weirdly)
12/3/2024 13:58:44,ğŸ³ I prepare/cook something (includes night before),Rolled oats or eggs and bacon
12/3/2024 13:59:58,"ğŸŒ Something quick / minimal prep (granola bar, microwave a thing)",
12/3/2024 14:06:59,"ğŸŒ Something quick / minimal prep (granola bar, microwave a thing)",Toast w butter and cheese
12/3/2024 14:09:21,â˜•ï¸ Nothing / just coffee,
12/3/2024 14:10:00,â˜•ï¸ Nothing / just coffee,
12/3/2024 14:10:40,â˜•ï¸ Nothing / just coffee,
12/3/2024 14:13:39,ğŸ³ I prepare/cook something (includes night before),"Spouse and I almost always eat breakfast at home. It starts with Coffee Hour - coffee, pet and human cuddles, and convo.  Food comes after. During the week I alternate between over-easy/scrambled eggs and toast; toast PB and banana; yogurt with fruit, nuts, and honey; and cereal (hot or cold depending on the season) On the weekend, I might make omelets or waffles, or my spouse might make pancakes.  Breakfast for Dinner happens from time to time, too."
12/3/2024 14:16:33,ğŸ³ I prepare/cook something (includes night before),"I need to eat breakfast but it doesn't tend to be elaborate at all- yogurt and granola, oatmeal, smoothie, sometimes I'll meal prep a batch of muffins. Eggs probably 1ish weekday a week? I try and save buying breakfast as an occasional treat, usually Gimme pastries, Ithaca bakery breakfast sandwich, or Dunkin breakfast sandwich. "
12/3/2024 14:16:37,ğŸ³ I prepare/cook something (includes night before),Eggs on toast 
12/3/2024 14:21:48,ğŸ³ I prepare/cook something (includes night before),"A fried or scrambled egg on toast with hot sauce, oatmeal, or sometimes egg and black bean tacos "
12/3/2024 14:23:25,ğŸ³ I prepare/cook something (includes night before),Go to breakfast is a veggie omelet
12/3/2024 14:25:40,"ğŸŒ Something quick / minimal prep (granola bar, microwave a thing)",Either skip it entirely or a bowl of wheatabix / raisin bran (I promise I'm not 80)
12/3/2024 14:27:35,â˜•ï¸ Nothing / just coffee,
12/3/2024 14:35:31,ğŸ³ I prepare/cook something (includes night before),"quinoa bowl with avocado, onions, cheese, hard boiled eggs and salsa"
12/3/2024 14:36:14,â˜•ï¸ Nothing / just coffee,
12/3/2024 14:38:04,ğŸ³ I prepare/cook something (includes night before),changes seasonally
12/3/2024 14:40:35,â˜•ï¸ Nothing / just coffee,
12/3/2024 14:43:53,"ğŸŒ Something quick / minimal prep (granola bar, microwave a thing)",chobani flip yogurt and some fruit. then a sugary snack if iâ€™m still hungry :0
12/3/2024 14:44:01,â˜•ï¸ Nothing / just coffee,
12/3/2024 14:47:52,"ğŸŒ Something quick / minimal prep (granola bar, microwave a thing)","Whole milled oats, microwaves in 1:15."
12/3/2024 14:48:47,ğŸ³ I prepare/cook something (includes night before),"overnight oats, scrambled eggs and toast, smoothie"
12/3/2024 14:56:21,ğŸ³ I prepare/cook something (includes night before),"I cook breakfast to entice my kids to get up in the morning. It usually consists of fruit, protein, and some carbs. For example, this morning's breakfast was buttery fried corn with sausage, fried egg, raspberries and grapes. Cooking breakfast is my wakeup routine."
12/3/2024 14:57:48,"ğŸŒ Something quick / minimal prep (granola bar, microwave a thing)",
12/3/2024 14:58:48,"ğŸŒ Something quick / minimal prep (granola bar, microwave a thing)",I maintain that chewing cereal with your mouth open deeply enhances the experience
12/3/2024 15:00:04,â˜•ï¸ Nothing / just coffee,
12/3/2024 15:01:37,ğŸ³ I prepare/cook something (includes night before),
12/3/2024 15:06:26,"ğŸŒ Something quick / minimal prep (granola bar, microwave a thing)",
12/3/2024 15:09:31,ğŸ³ I prepare/cook something (includes night before),Scrambled eggs and early grey or Greek yogurt and earl grey tea 
12/3/2024 15:10:27,ğŸ³ I prepare/cook something (includes night before),Itâ€™s just overnight oats which takes like 5 minutes the night before 
12/3/2024 15:23:09,ğŸ’° I buy breakfast,
12/3/2024 15:25:07,â˜•ï¸ Nothing / just coffee,
12/3/2024 15:30:38,â˜•ï¸ Nothing / just coffee,
12/3/2024 15:32:44,"ğŸŒ Something quick / minimal prep (granola bar, microwave a thing)",I have had oatmeal + protein powder + peanut butter every day for years now!
12/3/2024 15:37:09,"ğŸŒ Something quick / minimal prep (granola bar, microwave a thing)",
12/3/2024 15:37:47,ğŸ³ I prepare/cook something (includes night before),"Strong hot black tea with: oatmeal or cold cereal with yoghurt; or toast with pb and banana; weekends, eggs or omelet with toast. This has been routine for many years; I'm not very functional if I skip breakfast"
12/3/2024 15:39:10,"ğŸŒ Something quick / minimal prep (granola bar, microwave a thing)",
12/3/2024 15:41:05,ğŸ³ I prepare/cook something (includes night before),tofu scramble with soyrizo and a hash brown and a bagel with coffee every single day until I die 
12/3/2024 15:55:56,"ğŸŒ Something quick / minimal prep (granola bar, microwave a thing)",Carb fruit protein
12/3/2024 15:56:39,ğŸ³ I prepare/cook something (includes night before),"I have a complicated relationship with breakfast. I do think bfast can be the most important meal of the day, but I am often not at all hungry enough for it until around 10 or 11am. A delicious egg breakfast with veggies and toast, along with a cup of tea or coffee, is a dream! BUT: it totally zaps my energyâ€¦ I often do best with a smoothie or a quick breakfast bar. And coffee on an empty stomach makes me irritable!
I just came back from visiting my mother. Sheâ€™s all about the multi-course bfast. Start with fresh cut fruit. Then an egg main dish. Then bfast dessert! (a muffin, croissant, toast w/ jam etc)"
12/3/2024 15:59:15,"ğŸŒ Something quick / minimal prep (granola bar, microwave a thing)",
12/3/2024 15:59:39,â˜•ï¸ Nothing / just coffee,
12/3/2024 16:06:55,â˜•ï¸ Nothing / just coffee,"I don't eat breakfast... wake up, shower, and go to work. Wife and kids eat in the morning though."
12/3/2024 16:11:19,ğŸ³ I prepare/cook something (includes night before),"Scrambled eggs, toast, and fruit or oatmeal with maple and walnuts, "
12/3/2024 16:12:42,ğŸ³ I prepare/cook something (includes night before),I usually fry an egg and make toast. 
12/3/2024 16:13:15,"ğŸŒ Something quick / minimal prep (granola bar, microwave a thing)","Half the time, just coffee "
12/3/2024 16:15:30,ğŸ³ I prepare/cook something (includes night before),
12/3/2024 16:20:59,â˜•ï¸ Nothing / just coffee,
12/3/2024 16:21:55,"ğŸŒ Something quick / minimal prep (granola bar, microwave a thing)",
12/3/2024 16:25:04,"ğŸŒ Something quick / minimal prep (granola bar, microwave a thing)","I usually eat toast, but I switch up whether I put cream cheese, jam or pb on it based on my mood. I've been in a cream cheese mood these days"
12/3/2024 16:32:10,"ğŸŒ Something quick / minimal prep (granola bar, microwave a thing)","I am always hungry in the morning so rarely skip breakfast. Overnight oats with seeds & protein powder on weekdays. Usually either make something on weekends since there is more time, or if not weâ€™ll eat leftovers from previous days. Will definitely look out for your follow up, very interesting question!"
12/3/2024 16:35:10,"ğŸŒ Something quick / minimal prep (granola bar, microwave a thing)",
12/3/2024 16:38:19,ğŸ³ I prepare/cook something (includes night before),Avocado toast
12/3/2024 16:39:55,"ğŸŒ Something quick / minimal prep (granola bar, microwave a thing)",
12/3/2024 16:52:20,"ğŸŒ Something quick / minimal prep (granola bar, microwave a thing)","changes over the seasons from cold cereal, yogurt and granola to hot oatmeal in colder months"
12/3/2024 16:54:38,â˜•ï¸ Nothing / just coffee,
12/3/2024 16:58:17,â˜•ï¸ Nothing / just coffee,
12/3/2024 16:58:54,"ğŸŒ Something quick / minimal prep (granola bar, microwave a thing)",
12/3/2024 17:03:03,ğŸ³ I prepare/cook something (includes night before),"Yogurt bowls, toad-in-the-holes, oatmeal with fruit and nut butter, breakfast sandwich, French toast, cottage cheese with fruit "
12/3/2024 17:08:01,"ğŸŒ Something quick / minimal prep (granola bar, microwave a thing)",oatmeal and greek yogurt with fruit (all mixed together)
12/3/2024 17:10:05,"ğŸŒ Something quick / minimal prep (granola bar, microwave a thing)",Savory over sweet! Protein is key! Fave brekkie is cottage cheese with flaky salt and drizzled with chili oil on toast (rosemary olive oil sourdough from wegs) 
12/3/2024 17:11:34,"ğŸŒ Something quick / minimal prep (granola bar, microwave a thing)",
12/3/2024 17:18:39,ğŸ³ I prepare/cook something (includes night before),"In a typical week I'll have eaten all of the following for breakfast : eggs with starch and kale, protein shake, homemade pancakes or waffles, and cereal"
12/3/2024 17:28:04,"ğŸŒ Something quick / minimal prep (granola bar, microwave a thing)",
12/3/2024 17:52:14,â˜•ï¸ Nothing / just coffee,
12/3/2024 18:02:41,â˜•ï¸ Nothing / just coffee,I make a breakfast bagel (egg cheese vegan patty) for lunch though
12/3/2024 18:05:07,â˜•ï¸ Nothing / just coffee,
12/3/2024 18:08:56,"ğŸŒ Something quick / minimal prep (granola bar, microwave a thing)",
12/3/2024 18:09:09,ğŸ³ I prepare/cook something (includes night before),"Egg, ham, chedder cheese on a plain toasted bagel"
12/3/2024 18:15:36,"ğŸŒ Something quick / minimal prep (granola bar, microwave a thing)",
12/3/2024 18:16:54,"ğŸŒ Something quick / minimal prep (granola bar, microwave a thing)",
12/3/2024 18:22:09,â˜•ï¸ Nothing / just coffee,
12/3/2024 18:28:12,"ğŸŒ Something quick / minimal prep (granola bar, microwave a thing)",
12/3/2024 18:30:11,ğŸ’° I buy breakfast,
12/3/2024 18:48:53,ğŸ³ I prepare/cook something (includes night before),
12/3/2024 18:52:21,â˜•ï¸ Nothing / just coffee,I stopped eating breakfast 8 years ago and I firmly believe it is unnecessary and only embedded in our culture for big cereal to make more money
12/3/2024 18:55:05,"ğŸŒ Something quick / minimal prep (granola bar, microwave a thing)","Always coffee, sometimes a banana or cereal or yogurt/granola. Always with Wordle"
12/3/2024 18:55:38,ğŸ³ I prepare/cook something (includes night before),"I have one very large cup of coffee w creamer. One hour later I have two or three scrambled eggs with sweet peppers and a little shredded cheese in them. If Iâ€™m feeling frisky I will fry a couple pieces of bacon or more likely some deli ham.  I do this five days a week. Weekends often do it as well but also flexible for going out or doing something different.

I donâ€™t know why it felt fun to type this out but it did."
12/3/2024 18:59:42,â˜•ï¸ Nothing / just coffee,
12/3/2024 19:13:09,ğŸ³ I prepare/cook something (includes night before),"I always have eggs. But I keep it very simple with minimal prep.  If I have time I make an egg and cheese burrito-taco and if I donâ€™t, hard boiled egg (the night before) and toast with butter and jam. I have a second simple breakfast at work at 9am of an oat bar and tea. 
On the weekends I have an egg sandwich or rice and kimchi with a fried egg. "
12/3/2024 19:13:21,â˜•ï¸ Nothing / just coffee,breakfast is for weekends and vacations!
12/3/2024 19:15:50,"ğŸŒ Something quick / minimal prep (granola bar, microwave a thing)",
12/3/2024 19:22:28,"ğŸŒ Something quick / minimal prep (granola bar, microwave a thing)",
12/3/2024 19:26:59,â˜•ï¸ Nothing / just coffee,
12/3/2024 19:29:27,â˜•ï¸ Nothing / just coffee,Coffee
12/3/2024 19:35:36,ğŸ³ I prepare/cook something (includes night before),
12/3/2024 19:36:04,ğŸ³ I prepare/cook something (includes night before),Protein pancakes or egg sandwiches 
12/3/2024 19:50:41,"ğŸŒ Something quick / minimal prep (granola bar, microwave a thing)",A protein shake and a bowl of yogurt with apples and grape nuts!
12/3/2024 19:54:32,"ğŸŒ Something quick / minimal prep (granola bar, microwave a thing)",
12/3/2024 20:03:12,ğŸ³ I prepare/cook something (includes night before),"Usually tofu and veggie scramble or eggs of some sort with toast, yogurt, fresh fruit, pour over coffee ğŸ˜‚"
12/3/2024 20:05:42,ğŸ³ I prepare/cook something (includes night before),
12/3/2024 20:12:56,"ğŸŒ Something quick / minimal prep (granola bar, microwave a thing)",Microwave 1/3 cup of quick oats with blueberries and and blanched sliced almonds for winter breakfast. Summer breakfast is yogurt with blueberries and granola. Weekends is bacon and eggs or sausage gravy over biscuits or French toast or waffles. All homemade. Much better made at home so donâ€™t really go out to eat anymore.
12/3/2024 20:15:01,"ğŸŒ Something quick / minimal prep (granola bar, microwave a thing)",
12/3/2024 20:15:24,"ğŸŒ Something quick / minimal prep (granola bar, microwave a thing)","A pretty good mix of 1 and 2, probably more 2 if youâ€™re counting a piece of toast any time before lunch. Itâ€™s like 3 hours after I get up, hard to call  it breakfast anymore but itâ€™s eating something before lunch ğŸ¤“"
12/3/2024 20:15:47,"ğŸŒ Something quick / minimal prep (granola bar, microwave a thing)",
12/3/2024 20:19:07,ğŸ³ I prepare/cook something (includes night before),"6 eggs, toast, blueberry/spinach smoothly. Every day for nearly 20 years"
12/3/2024 20:25:59,"ğŸŒ Something quick / minimal prep (granola bar, microwave a thing)",Cereal. Almost always. Some rare weekends I might make eggs or pancakes or oatmeal but most of the time itâ€™s a bowl of cereal. 
12/3/2024 20:26:35,"ğŸŒ Something quick / minimal prep (granola bar, microwave a thing)",Granola and Greek yogurt 
12/3/2024 20:31:39,â˜•ï¸ Nothing / just coffee,
12/3/2024 20:41:31,â˜•ï¸ Nothing / just coffee,
12/3/2024 20:46:41,"ğŸŒ Something quick / minimal prep (granola bar, microwave a thing)",
12/3/2024 20:52:14,â˜•ï¸ Nothing / just coffee,Coffee coffee
12/3/2024 21:03:22,â˜•ï¸ Nothing / just coffee,
12/3/2024 21:04:41,â˜•ï¸ Nothing / just coffee,"I have an early lunch around 10/11am because I go to work at 6am. I guess that could be considered breakfast for someone who goes to work a regular 9-5 though lol I usually eat lunch foods though. Salads, wraps, etc "
12/3/2024 21:27:43,ğŸ³ I prepare/cook something (includes night before),Overnight protein oats
12/3/2024 21:32:30,"ğŸŒ Something quick / minimal prep (granola bar, microwave a thing)",Cereal or bagel with cream cheese 
12/3/2024 21:36:46,ğŸ³ I prepare/cook something (includes night before),Small oatmeal with protein powder. One banana and one slice of bacon
12/3/2024 21:45:05,ğŸ³ I prepare/cook something (includes night before),https://youtube.com/shorts/jSc0gNqWFI0?si=BeyC7fwoBa5YE1Di
12/3/2024 21:45:16,"ğŸŒ Something quick / minimal prep (granola bar, microwave a thing)","My plain bagel (toasted, of course) with plain cream cheese is a very cherished part of my day. Have had one everyday for the past several years (except when traveling)."
12/3/2024 21:47:43,ğŸ³ I prepare/cook something (includes night before),Eggs
12/3/2024 21:54:07,â˜•ï¸ Nothing / just coffee,
12/3/2024 21:55:15,"ğŸŒ Something quick / minimal prep (granola bar, microwave a thing)",Cinnamon toast and a diet Dr Pepper 
12/3/2024 21:57:11,"ğŸŒ Something quick / minimal prep (granola bar, microwave a thing)","Overnight oats, somewhere in between preparing the night before but very quick "
12/3/2024 21:58:17,â˜•ï¸ Nothing / just coffee,Coffee and cigarette 
12/3/2024 21:58:24,"ğŸŒ Something quick / minimal prep (granola bar, microwave a thing)",
12/3/2024 22:20:42,â˜•ï¸ Nothing / just coffee,
12/3/2024 22:23:48,ğŸ³ I prepare/cook something (includes night before),"My fav meal of the day. Pancakes, eggs, yogurt and granola, bacon, sausage, hashbrowns U NAME IT"
12/3/2024 22:30:52,â˜•ï¸ Nothing / just coffee,
12/3/2024 22:41:12,ğŸ³ I prepare/cook something (includes night before),"smooothieee! its the constant, with tonne of protein."
12/3/2024 22:47:06,â˜•ï¸ Nothing / just coffee,
12/3/2024 22:50:04,ğŸ³ I prepare/cook something (includes night before),
12/3/2024 22:52:44,â˜•ï¸ Nothing / just coffee,
12/3/2024 23:12:26,â˜•ï¸ Nothing / just coffee,
12/3/2024 23:59:47,â˜•ï¸ Nothing / just coffee,
12/4/2024 0:14:35,â˜•ï¸ Nothing / just coffee,
12/4/2024 1:20:58,"ğŸŒ Something quick / minimal prep (granola bar, microwave a thing)",Oatmeal in the microwave - game changer 
12/4/2024 2:51:19,â˜•ï¸ Nothing / just coffee,
12/4/2024 4:27:44,"ğŸŒ Something quick / minimal prep (granola bar, microwave a thing)",Scrambled eggs
12/4/2024 6:46:04,"ğŸŒ Something quick / minimal prep (granola bar, microwave a thing)",I blend up a smoothie or have cereal 
12/4/2024 8:05:20,ğŸ³ I prepare/cook something (includes night before),Eggs toast black coffee
12/4/2024 8:12:57,ğŸ³ I prepare/cook something (includes night before),"Not super important. My mom prepares it, and I probably wouldnâ€™t eat much breakfast were it not for that. A typical breakfast for me includes some kind of fruit, some pancakes, and a hard-boiled egg."
12/4/2024 8:39:07,"ğŸŒ Something quick / minimal prep (granola bar, microwave a thing)",
12/4/2024 8:59:10,"ğŸŒ Something quick / minimal prep (granola bar, microwave a thing)","Chopped or defrosted frozen fruit w/ yogurt or cottage cheese and a spoonful of muesli + gallons of coffee. Not cooking, but not a granola bar, either."
12/4/2024 9:04:07,ğŸ³ I prepare/cook something (includes night before),I'm a egg and veggies person now but for YEARS I made cheese quesadillas every single morning
12/4/2024 9:04:14,ğŸ³ I prepare/cook something (includes night before),scrambled eggs and shredded cheese in the microwave while green tea brews and Heidelburg bread with grassfed butter.  Sundays I cap it off with a shot of cold brew coffee liquor in a coke.
12/4/2024 9:12:49,"ğŸŒ Something quick / minimal prep (granola bar, microwave a thing)",
12/4/2024 9:16:24,"ğŸŒ Something quick / minimal prep (granola bar, microwave a thing)",Meal replacement shakes
12/4/2024 9:26:15,ğŸ³ I prepare/cook something (includes night before),
12/4/2024 9:42:17,ğŸ³ I prepare/cook something (includes night before),"Wheat toast, fried egg, almond milk."
12/4/2024 9:45:31,â˜•ï¸ Nothing / just coffee,
12/4/2024 9:46:40,"ğŸŒ Something quick / minimal prep (granola bar, microwave a thing)",
12/4/2024 9:49:14,"ğŸŒ Something quick / minimal prep (granola bar, microwave a thing)",
12/4/2024 10:09:33,"ğŸŒ Something quick / minimal prep (granola bar, microwave a thing)",About half the time I don't have anything
12/4/2024 11:33:16,ğŸ³ I prepare/cook something (includes night before),"I ALWAYS eat breakfast. Never leave my house without eating. My staples are: 
- Ham & Cheese sandwich (fried egg optional)
- 2 eggs with toast or hashbrowns 
- oatmeal with fruit, nuts and cheese (or egg)

Also, I have a coffee every morning.

Having 3 meals a day is a non-negotiable for me."
12/4/2024 12:02:59,â˜•ï¸ Nothing / just coffee,
12/4/2024 12:37:56,â˜•ï¸ Nothing / just coffee,
12/4/2024 13:30:18,ğŸ³ I prepare/cook something (includes night before),
12/4/2024 13:42:44,ğŸ³ I prepare/cook something (includes night before),Steel cut oats with tryout and yoghurt. Not the quick kind either
12/4/2024 15:50:34,"ğŸŒ Something quick / minimal prep (granola bar, microwave a thing)",Coffee and a bagel is my usual routine; filling and easy to prepare
12/4/2024 16:21:59,"ğŸŒ Something quick / minimal prep (granola bar, microwave a thing)",Cold Hawaiian pizza is the best breakfast food. I said what I said.
12/4/2024 18:10:26,ğŸ³ I prepare/cook something (includes night before),
12/4/2024 18:40:45,â˜•ï¸ Nothing / just coffee,
12/4/2024 19:17:35,"ğŸŒ Something quick / minimal prep (granola bar, microwave a thing)",
12/4/2024 20:07:54,"ğŸŒ Something quick / minimal prep (granola bar, microwave a thing)","Can't skip it, but don't have time to make it; cereal and granola have my heart!"
12/4/2024 21:30:08,ğŸ³ I prepare/cook something (includes night before),
12/4/2024 21:31:52,"ğŸŒ Something quick / minimal prep (granola bar, microwave a thing)",
12/4/2024 21:32:02,ğŸ³ I prepare/cook something (includes night before),
12/4/2024 22:17:48,ğŸ³ I prepare/cook something (includes night before),Either skip and just have coffee or overnight oats -- I'll mix up a batch on the weekend and eat it all week
12/4/2024 22:18:04,"ğŸŒ Something quick / minimal prep (granola bar, microwave a thing)","Varies not the same every day. Most common is toast & fruit, and seasonally: oatmeal or quick poached egg with toast in winter, granola & yogurt & berries in summer, cereal with berries in summer
Big cooked breakfast (pancakes, waffles, eggs etc. one or two times month on weekends )"
12/4/2024 23:08:52,"ğŸŒ Something quick / minimal prep (granola bar, microwave a thing)","Coffee every morning, and bananas some mornings. Protein bar on rare occasions "
12/5/2024 0:33:58,â˜•ï¸ Nothing / just coffee,
12/5/2024 12:53:50,"ğŸŒ Something quick / minimal prep (granola bar, microwave a thing)",my go to is half of a lemon quest bar and a lemon fiber bar with two cups of black coffee :)
12/5/2024 13:31:09,"ğŸŒ Something quick / minimal prep (granola bar, microwave a thing)",
12/5/2024 14:02:17,ğŸ³ I prepare/cook something (includes night before),